{"stats":{"minecraft:picked_up":{"minecraft:repeater":18,"minecraft:oak_sign":1,"minecraft:lever":2,"minecraft:redstone_torch":28,"minecraft:redstone":301},"minecraft:dropped":{"minecraft:redstone_torch":3,"minecraft:oak_slab":1,"minecraft:repeater":3,"minecraft:oak_sign":1,"minecraft:wooden_axe":3,"minecraft:redstone":91},"minecraft:custom":{"minecraft:time_since_rest":518397,"minecraft:crouch_one_cm":2933,"minecraft:sprint_one_cm":3326,"minecraft:play_time":518397,"minecraft:walk_one_cm":37907,"minecraft:sneak_time":14370,"minecraft:drop":32,"minecraft:jump":230,"minecraft:leave_game":10,"minecraft:time_since_death":518397,"minecraft:total_world_time":600836,"minecraft:fly_one_cm":3876412},"minecraft:used":{"minecraft:redstone_torch":351,"minecraft:sticky_piston":58,"minecraft:lever":94,"minecraft:redstone_lamp":43,"minecraft:repeater":429,"minecraft:magenta_wool":53,"minecraft:red_wool":99,"minecraft:oak_slab":32,"minecraft:barrier":7,"minecraft:lime_stained_glass":2,"minecraft:orange_wool":641,"minecraft:light_blue_wool":1902,"minecraft:redstone":2362,"minecraft:green_wool":34,"minecraft:lime_wool":7,"minecraft:blue_wool":66,"minecraft:stone_button":1,"minecraft:oak_sign":65,"minecraft:redstone_block":1,"minecraft:cyan_wool":1029,"minecraft:observer":18,"minecraft:light_blue_stained_glass":21,"minecraft:purple_wool":386,"minecraft:pink_wool":37,"minecraft:glow_ink_sac":59}},"DataVersion":3700}